{
  "project_info": {
    "project_number": "648069246780",
    "project_id": "covid19solution-32bba",
    "storage_bucket": "covid19solution-32bba.appspot.com"
  },
  "client": [
    {
      "client_info": {
        "mobilesdk_app_id": "1:648069246780:android:5fd50cd69ef0754511b839",
        "android_client_info": {
          "package_name": "com.example.covid19"
        }
      },
      "oauth_client": [
        {
          "client_id": "648069246780-36b5oe53cvcsqc7nr95v58e92447j54v.apps.googleusercontent.com",
          "client_type": 3
        }
      ],
      "api_key": [
        {
          "current_key": "AIzaSyA2slpVOVZmvcaG2YT3VW-VFreSoqniV5s"
        }
      ],
      "services": {
        "appinvite_service": {
          "other_platform_oauth_client": [
            {
              "client_id": "648069246780-36b5oe53cvcsqc7nr95v58e92447j54v.apps.googleusercontent.com",
              "client_type": 3
            }
          ]
        }
      }
    },
    {
      "client_info": {
        "mobilesdk_app_id": "1:648069246780:android:ef75593b72696d7111b839",
        "android_client_info": {
          "package_name": "com.example.demoapp"
        }
      },
      "oauth_client": [
        {
          "client_id": "648069246780-36b5oe53cvcsqc7nr95v58e92447j54v.apps.googleusercontent.com",
          "client_type": 3
        }
      ],
      "api_key": [
        {
          "current_key": "AIzaSyA2slpVOVZmvcaG2YT3VW-VFreSoqniV5s"
        }
      ],
      "services": {
        "appinvite_service": {
          "other_platform_oauth_client": [
            {
              "client_id": "648069246780-36b5oe53cvcsqc7nr95v58e92447j54v.apps.googleusercontent.com",
              "client_type": 3
            }
          ]
        }
      }
    }
  ],
  "configuration_version": "1"
}